Yuting,Wong,yutwon,49014,100026,47485,1968,23,10003,+1 903-459-4728,9/9/2008,Samuel Tirado
Jun-hong,Tu,juntu,42463,100027,42856,1135,44,10002,+1 323-971-7833,9/16/2013,Hsieh Chiang
Ya-ting,Wu,ya-wu,20276,100027,44245,1282,22,10006,+1 685-116-9078,9/20/2015,Laura Mellor
Hsiung,Chiang,hsichi,40491,100027,26805,1416,31,10010,+1 514-708-2217,2/12/2015,Claudia Sepulveda
Hsieh,Chiang,hsichi,40712,100026,24247,1232,44,10002,+1 793-864-5038,9/18/2008,Samuel Tirado
Hsiu-ching,Li,hsili,18783,100027,47986,1028,24,10008,+1 225-155-7178,3/12/2015,Jessica Mayer
Chang,Chiang,chachi,25611,100027,11686,1119,36,10004,+1 690-432-5762,9/12/2014,Woo Chan
Shi,He,shihe,12559,100027,27183,1009,23,10003,+1 792-777-1958,6/19/2014,Yuting Wong
Hui,Tao,huitao,37629,100027,14360,1582,38,10009,+1 194-076-3206,2/15/2012,Mladen Stoichkov
Chou,Jiang,chojia,29549,100027,33431,1488,44,10002,+1 476-658-7146,4/16/2016,Hsieh Chiang
Sun,Chai,suncha,25440,100027,23288,1585,38,10009,+1 715-920-2909,2/16/2015,John Schwarz
Woo,Chan,woocha,40718,100026,15576,1341,38,10009,+1 519-396-1326,9/22/2008,Samuel Tirado
Hua,Lan,hualan,39065,100027,41754,1880,38,10009,+1 651-233-4473,2/15/2012,Mladen Stoichkov
Yu-lan,He,yu-he,36698,100027,46880,1714,38,10009,+1 764-432-5641,12/2/2014,Laura Mellor
Lai,Hsu,laihsu,43660,100027,32513,1943,38,10009,+1 273-810-7387,6/19/2014,Yuting Wong
Skye,Wilkins,skywil,33346,100027,17414,1672,38,10009,+1 101-990-5279,2/12/2009,Kiera Archer
Kiera,Archer,kiearc,35311,100026,36468,1365,38,10009,+1 487-330-2295,10/10/2008,Samuel Tirado
Kiera,Steele,kieste,13942,100027,10249,1326,31,10010,+1 618-234-2289,2/12/2015,Claudia Sepulveda
Ryan,Brooks,ryabro,46628,100027,16849,1426,38,10009,+1 831-516-6065,3/12/2015,Jessica Mayer
Anthony,Woodward,antwoo,16709,100027,23961,1585,38,10009,+1 353-473-7878,9/16/2013,Hsieh Chiang
Charles,Thompson,chatho,43869,100027,23443,1319,38,10009,+1 494-990-6725,4/16/2016,Hsieh Chiang
Ethan,Adams,ethada,26548,100027,41471,1569,38,10009,+1 710-259-7392,10/20/2017,Laura Mellor
Laura,Mellor,laumel,15843,100026,24358,1169,38,10009,+1 718-704-3627,10/12/2008,Samuel Tirado
Demi,Sharpe,demsha,11398,100027,20858,1050,38,10009,+1 756-660-0126,8/12/2015,Woo Chan
Alberto,Pereira,albper,24311,100027,34995,1546,38,10009,+1 443-240-9893,9/16/2015,Yuting Wong
Giovana,Pena,giopen,42805,100027,46112,1940,38,10009,+1 162-669-2858,8/15/2017,Kiera Archer
Vinicius,Cardoso,vincar,34809,100027,27766,1033,38,10009,+1 425-755-5921,2/16/2015,John Schwarz
Giovana,Pinto,giopin,38731,100027,25664,1243,38,10009,+1 759-349-1015,2/15/2012,Mladen Stoichkov
Giovana,Costa,giocos,43912,100027,34394,1217,38,10009,+1 957-354-6818,9/16/2015,Yuting Wong
Dilma,Teixeira,diltei,25010,100027,31758,1123,31,10010,+1 621-035-7768,2/12/2015,Claudia Sepulveda
Beatriz,Pereira,beaper,40382,100027,49756,1034,38,10009,+1 492-885-3929,3/12/2015,Jessica Mayer
Bruna,Melo,brumel,14124,100026,47974,1449,38,10009,+1 461-988-0544,11/22/2009,Samuel Tirado
Miguel,Viera,migvie,12627,100027,41306,1291,38,10009,+1 286-797-0452,2/2/2015,Bruna Melo
Luiza,Castro,luicas,16975,100027,36030,1160,38,10009,+1 139-390-5521,9/16/2015,Yuting Wong
Syreeta,Dallah,syrdal,29390,100027,15795,1284,38,10009,+1 509-745-2812,9/20/2015,Laura Mellor
Tuqaa,Fakhoury,tuqfak,38107,100026,40555,1197,38,10009,+1 827-108-1822,3/3/2009,Samuel Tirado
Syreeta,Hajjar,syrhaj,42262,100027,15035,1658,38,10009,+1 301-972-8066,2/16/2015,John Schwarz
Siham,Aswad,sihasw,24453,100027,10262,1099,38,10009,+1 896-907-5853,9/12/2014,Woo Chan
Homsi,Momani,hommom,47256,100027,31562,1311,38,10009,+1 860-016-4775,2/15/2012,Mladen Stoichkov
Thaqib,Refai,tharef,45808,100026,35750,1926,38,10009,+1 194-065-1866,10/22/2008,Samuel Tirado
Farah,Batlouni,farbat,36783,100027,31627,1581,38,10009,+1 871-469-6823,6/6/2016,Kiera Archer
Thawban,Shammas,thasha,15117,100027,34730,1422,38,10009,+1 740-163-4666,2/15/2012,Mladen Stoichkov
Alina,Issa,aliiss,25113,100027,48519,1531,38,10009,+1 422-723-1408,10/2/2010,Yuting Wong
Nanami,Kato,nankat,36364,100027,37495,1382,38,10009,+1 408-338-2038,9/12/2014,Woo Chan
Rin,Wada,rinwad,46194,100027,37289,1550,38,10009,+1 201-367-9844,8/12/2012,Hsieh Chiang
Naoki,Fukuda,naofuk,48778,100027,49311,1032,38,10009,+1 948-363-8997,9/16/2013,Hsieh Chiang
Jun,Ota,junota,14648,100026,15509,1824,38,10009,+1 122-141-9379,10/22/2008,Samuel Tirado
Ayaka,Tanaka,ayatan,43665,100027,45999,1915,38,10009,+1 330-819-1914,2/16/2015,John Schwarz
Kenta,Nishimura,kennis,37553,100027,38449,1920,38,10009,+1 382-034-9805,3/10/2010,Kiera Archer
Ryouta,Hayashi,ryohay,29478,100027,24206,1399,38,10009,+1 398-964-0709,3/12/2015,Jessica Mayer
Blagorodna,Georgieva,blageo,33923,100027,26241,1137,38,10009,+1 103-966-6468,10/2/2010,Yuting Wong
Milan,Bojilov,milboj,13959,100027,27887,1133,31,10010,+1 474-244-8191,2/12/2015,Claudia Sepulveda
Stanislava,Konstantinov,stakon,42444,100027,20054,1637,38,10009,+1 644-287-0370,2/2/2015,Bruna Melo
Yavor,Kremenliev,yavkre,34590,100027,35735,1916,38,10009,+1 308-802-2831,6/6/2016,John Schwarz
Stanko,Nikolov,stanik,41688,100026,35202,1561,38,10009,+1 231-898-2867,9/9/2008,Samuel Tirado
Svetlana,Dimitrova,svedim,15987,100027,10488,1944,38,10009,+1 126-395-1215,2/10/2010,Laura Mellor
Zlatan,Lomov,zlalom,35374,100027,42400,1519,38,10009,+1 744-710-2841,9/12/2014,Woo Chan
Mladen,Stoichkov,mlasto,48519,100026,23101,1928,38,10009,+1 342-492-0069,9/18/2008,Samuel Tirado
Rada,Karaivanova,radkar,21205,100027,14674,1753,31,10010,+1 699-372-5166,3/12/2015,Claudia Sepulveda
Boyka,Zhoteva,boyzho,35071,100027,29561,1991,38,10009,+1 762-119-0802,6/6/2016,John Schwarz
Nayden,Gospodinov,naygos,34971,100027,40564,1206,23,10003,+1 718-580-8671,10/2/2010,Yuting Wong
Stoyan,Georgiev,stogeo,45629,100027,32780,1654,39,10005,+1 334-024-8469,6/19/2017,Kiera Archer
Samuel,Tirado,samtir,14127,100025,31908,1948,40,10001,+1 244-288-6033,8/8/2008,No one :)
Gabriel,Valadez,gabval,34157,100027,14244,1197,44,10002,+1 929-976-0303,4/16/2016,Hsieh Chiang
Ismael,Tirado,ismtir,39237,100027,36936,1091,27,10007,+1 448-922-4138,2/2/2015,Bruna Melo
Ines,Maldonado,inemal,20733,100027,15591,1722,24,10008,+1 471-118-6658,10/18/2010,Jessica Mayer
Claudia,Sepulveda,clasep,28605,100026,20176,1992,31,10010,+1 318-322-4522,9/1/2008,Samuel Tirado
Gonzalo,Serna,gonser,18721,100027,36042,1045,27,10007,+1 885-313-6681,8/12/2014,Bruna Melo
Alicia,Flores,aliflo,22870,100027,35918,1532,23,10003,+1 625-522-7332,10/4/2015,Yuting Wong
Heidi,Winkler,heiwin,40770,100027,11959,1139,22,10006,+1 217-911-6004,9/20/2015,Laura Mellor
William,Pichler,wilpic,20340,100027,12324,1639,44,10002,+1 238-603-1566,9/16/2013,Hsieh Chiang
John,Schwarz,johsch,15030,100026,22882,1238,38,10009,+1 577-422-5440,10/10/2008,Samuel Tirado
Marie,Hofer,marhof,15715,100027,28355,1611,23,10003,+1 229-618-3003,10/2/2010,Yuting Wong
Thomas,Ledford,tholed,28071,100027,21456,1658,36,10004,+1 814-168-4990,2/15/2010,Woo Chan
Jessica,Mayer,jesmay,30567,100026,42002,1622,24,10008,+1 473-624-8777,11/10/2008,Samuel Tirado
John,Vintzel,jvintzel,33548,100027,34751,1348,38,10009,+1 452-045-8712,01/23/2008,Kiera Archer